Protonation State,SCFE(g),Thermal Correction to Gibss Free Energy,SCFE(sol)
radical,-613.987422992,0.145244,-614.0709758050
neutral,-613.919323195,0.146648,-613.9323509073
anion,-613.886796264,0.143853,-614.1692952922
