Protonation State,SCFE(g),Thermal Correction to Gibss Free Energy,SCFE(sol)
radical,-807.220726812,0.229244,-807.2988669371
neutral,-807.146923101,0.232051,-807.1595688571
anion,-807.135299787,0.227633,-807.3985248405
