Protonation State,SCFE(g),Thermal Correction to Gibss Free Energy,SCFE(sol)
radical,-610.524363387,0.098250,-610.6087787463
neutral,-610.468890834,0.101499,-610.4888287001
anion,-610.412903757,0.097000,-610.70877262
