Protonation State,SCFE(g),Thermal Correction to Gibss Free Energy,SCFE(sol)
radical,-1615.45637757,0.238999,-1615.5269101272
neutral,-1615.37136453,0.240454,-1615.3813680391
anion,-1615.37843857,0.237167,-1615.6339950975
