Protonation State,SCFE(g),Thermal Correction to Gibss Free Energy,SCFE(sol)
radical,-534.331974123,0.083026,-534.4204733406
neutral,-534.245712529,0.085032,-534.2613180323
anion,-534.240388995,0.081360,-534.5380900337
