Protonation State,SCFE(g),Thermal Correction to Gibss Free Energy,SCFE(sol)
radical,-728.540860330,0.175991,-728.6263282457
neutral,-728.476506430,0.178950,-728.4952124546
anion,-728.445524998,0.173117,-728.7216361186
