Protonation State,SCFE(g),Thermal Correction to Gibss Free Energy,SCFE(sol)
radical,-534.331974123,0.083026,-534.415512562
neutral,-534.245712529,0.085032,-534.257235957
anion,-534.240388995,0.081360,-534.529576273
