Protonation State,SCFE(g),Thermal Correction to Gibss Free Energy,SCFE(sol)
radical,-693.583995421,0.209000,-693.661058557
neutral,-693.555495700,0.213918,-693.563960190
anion,-693.474892365,0.209129,-693.714644749
