Protonation State,SCFE(g),Thermal Correction to Gibss Free Energy,SCFE(sol)
radical,-3414.82057713,0.027099,-3414.9036929940
neutral,-3414.71954390,0.028814,-3414.7307248652
anion,-3414.73541841,0.025407,-3415.0370290666
