Protonation State,SCFE(g),Thermal Correction to Gibss Free Energy,SCFE(sol)
radical,-2220.14089683,0.006133,-2220.2201231417
neutral,-2220.02958024,0.007658,-2220.0412105990
anion,-2220.07273830,0.004813,-2220.3601963840
