Protonation State,SCFE(g),Thermal Correction to Gibss Free Energy,SCFE(sol)
radical,-1608.24954944,0.113839,-1608.3316562127
neutral,-1608.17528710,0.117360,-1608.1907380811
anion,-1608.16711117,0.110624,-1608.4425199818
