Protonation State,SCFE(g),Thermal Correction to Gibss Free Energy,SCFE(sol)
radical,-767.661039223,0.189753,-767.7442904342
neutral,-767.600070408,0.192847,-767.6120562892
anion,-767.565063760,0.185841,-767.8462138577
