Protonation State,SCFE(g),Thermal Correction to Gibss Free Energy,SCFE(sol)
radical,-954.065355165,0.169343,-954.1686197620
neutral,-954.008387592,0.172600,-954.0442131030
anion,-953.971175074,0.168150,-954.2591209696
