Protonation State,SCFE(g),Thermal Correction to Gibss Free Energy,SCFE(sol)
radical,-1144.91540446,0.203858,-1145.0020545412
neutral,-1144.84264217,0.207711,-1144.8657338542
anion,-1144.83926009,0.202909,-1145.1011531929
