Protonation State,SCFE(g),Thermal Correction to Gibss Free Energy,SCFE(sol)
radical,-910.527610674,0.200383,-910.6137206010
neutral,-910.479167431,0.203050,-910.5025668776
anion,-910.440507251,0.196670,-910.7029645497
