Protonation State,SCFE(g),Thermal Correction to Gibss Free Energy,SCFE(sol)
radical,-765.475377449,0.164138,-765.5488091741
neutral,-765.431856327,0.168210,-765.4439352112
anion,-765.369002437,0.162587,-765.6160584849
