Protonation State,SCFE(g),Thermal Correction to Gibss Free Energy,SCFE(sol)
radical,-1203.98496125,0.189675,-1204.0669491017
neutral,-1203.90371923,0.192205,-1203.9198436951
anion,-1203.90770631,0.188906,-1204.1748260412
