Protonation State,SCFE(g),Thermal Correction to Gibss Free Energy,SCFE(sol)
radical,-5682.42323194,0.068967,-5682.49660303
neutral,-5682.33324754,0.070961,-5682.34264935
anion,-5682.34652973,0.066435,-5682.60979717
