Protonation State,SCFE(g),Thermal Correction to Gibss Free Energy,SCFE(sol)
radical,-653.306938030,0.171256,-653.381765365
neutral,-653.241844586,0.172859,-653.249308332
anion,-653.203427059,0.167756,-653.471598740
