Protonation State,SCFE(g),Thermal Correction to Gibss Free Energy,SCFE(sol)
radical,-610.599622545,0.099021,-610.674677290
neutral,-610.517400286,0.101686,-610.526452773
anion,-610.515234525,0.096923,-610.787130797
