Protonation State,SCFE(g),Thermal Correction to Gibss Free Energy,SCFE(sol)
radical,-2015.44804901,0.202820,-2015.5366281555
neutral,-2015.34830820,0.205047,-2015.3813558196
anion,-2015.40315599,0.200904,-2015.6588677166
