Protonation State,SCFE(g),Thermal Correction to Gibss Free Energy,SCFE(sol)
radical,-846.316488607,0.239550,-846.389278470
neutral,-846.258614341,0.240071,-846.266424497
anion,-846.223325890,0.237780,-846.474457480
